"","LAKE_NAME","SURVEY_DATE","DOWLKNUM","N"
"1","Long","07/02/2003",1008900,46
"2","Long","07/01/2003",1008900,136
"3","Dam","07/02/2002",1009600,78
"4","Dam","06/28/2002",1009600,74
"5","Hill","08/08/2016",1014200,241
"6","Hill","07/25/2016",1014200,225
"7","Big Pine","08/14/2013",1015700,22
"8","Big Pine","08/12/2013",1015700,112
"9","Big Pine","08/15/2013",1015700,49
"10","Big Pine","08/22/2013",1015700,92
"11","Big Pine","08/28/2013",1015700,1
"12","Big Pine","08/13/2013",1015700,51
"13","Farm Island","05/27/2009",1015900,119
"14","Farm Island","05/26/2009",1015900,172
"15","Round","07/18/2013",1020400,151
"16","Round","07/17/2013",1020400,64
"17","Round","07/03/2013",1020400,35
"18","Round","07/25/2013",1020400,88
"19","Round","07/29/2013",1020400,57
"20","George","07/11/2013",2009100,72
"21","George","07/15/2013",2009100,93
"22","George","07/17/2013",2009100,12
"23","George","07/16/2013",2009100,94
"24","Toad","08/25/2004",3010700,133
"25","Toad","08/24/2004",3010700,181
"26","Toad","08/17/2004",3010700,51
"27","Toad","08/23/2004",3010700,99
"28","Toad","06/09/2005",3010700,194
"29","Toad","06/02/2005",3010700,101
"30","Toad","06/06/2005",3010700,139
"31","Toad","05/22/2006",3010700,160
"32","Toad","05/18/2006",3010700,62
"33","Toad","05/23/2006",3010700,56
"34","Toad","05/19/2006",3010700,148
"35","Little Rock","05/31/2005",5001300,124
"36","Artichoke","07/25/2011",6000200,129
"37","Artichoke","06/26/2018",6000200,129
"38","Madison","08/04/2014",7004400,124
"39","Madison","07/16/2014",7004400,360
"40","Madison","07/17/2014",7004400,247
"41","Eagle","07/07/2005",9005700,296
"42","Tamarack","07/07/2005",9006700,207
"43","White Oak","08/21/2001",11001600,75
"44","Roosevelt","07/01/2008",11004300,396
"45","Roosevelt","07/09/2008",11004300,181
"46","Roosevelt","07/02/2008",11004300,144
"47","Roosevelt","07/14/2008",11004300,149
"48","Roosevelt","07/21/2008",11004300,106
"49","Roosevelt","07/22/2008",11004300,22
"50","Roosevelt","07/08/2008",11004300,75
"51","Lawrence","07/23/2008",11005300,22
"52","Lawrence","07/21/2008",11005300,94
"53","Lawrence","07/22/2008",11005300,266
"54","Washburn","08/02/2006",11005900,147
"55","Washburn","08/01/2006",11005900,92
"56","Washburn","07/31/2006",11005900,121
"57","Washburn","07/27/2006",11005900,177
"58","Washburn","07/26/2006",11005900,147
"59","Washburn","08/03/2006",11005900,164
"60","Washburn","07/20/2009",11005900,207
"61","Washburn","08/03/2009",11005900,120
"62","Washburn","07/27/2009",11005900,207
"63","Washburn","07/30/2009",11005900,82
"64","Washburn","07/21/2009",11005900,265
"65","Thunder","07/28/2008",11006200,286
"66","Thunder","07/30/2008",11006200,253
"67","Thunder","07/29/2008",11006200,311
"68","Thunder","07/24/2008",11006200,153
"69","Thunder","07/23/2008",11006200,187
"70","Long","06/26/2007",11014200,347
"71","Long","06/25/2007",11014200,319
"72","Long","06/20/2007",11014200,307
"73","Long","06/21/2007",11014200,253
"74","Long","06/19/2007",11014200,130
"75","Long","06/18/2007",11014200,180
"76","Boy","07/17/2008",11014300,83
"77","Boy","07/15/2008",11014300,268
"78","Boy","06/26/2008",11014300,160
"79","Boy","06/30/2008",11014300,245
"80","Boy","06/25/2008",11014300,185
"81","Winnibigoshish","08/02/2017",11014700,109
"82","Winnibigoshish","08/08/2017",11014700,168
"83","Winnibigoshish","07/31/2017",11014700,242
"84","Winnibigoshish","08/01/2017",11014700,287
"85","Little Boy","07/11/2007",11016700,202
"86","Little Boy","07/03/2007",11016700,282
"87","Little Boy","07/02/2007",11016700,95
"88","Little Boy","07/05/2007",11016700,19
"89","Little Boy","07/19/2007",11016700,14
"90","Wabedo","06/27/2007",11017100,250
"91","Wabedo","06/28/2007",11017100,118
"92","Wabedo","06/29/2007",11017100,180
"93","Craig","08/09/2017",11018600,108
"94","Mule","08/11/2010",11020000,317
"95","Mule","08/04/2010",11020000,181
"96","Mule","08/16/2010",11020000,42
"97","Woman","07/10/2006",11020100,231
"98","Woman","06/27/2006",11020100,434
"99","Woman","07/05/2006",11020100,208
"100","Woman","07/06/2006",11020100,227
"101","Woman","06/28/2006",11020100,404
"102","Woman","07/07/2006",11020100,150
"103","Woman","06/26/2006",11020100,260
"104","Woman","06/29/2006",11020100,300
"105","Leech Sucker Bay","07/16/2002",11020300,78
"106","Leech Sucker Bay","07/15/2002",11020300,32
"107","Leech Sucker Bay","07/09/2002",11020300,166
"108","Leech Sucker Bay","07/08/2002",11020300,204
"109","Leech Sucker Bay","07/18/2002",11020300,80
"110","Leech Sucker Bay","07/17/2002",11020300,76
"111","Leech Sucker Bay","07/19/2002",11020300,145
"112","Leech Agency Bay","07/23/2002",11020300,130
"113","Leech Agency Bay","07/22/2002",11020300,80
"114","Leech Agency Bay","07/24/2002",11020300,56
"115","Leech Agency Bay","07/17/2002",11020300,131
"116","Leech Whipholt Bay","07/08/2003",11020300,154
"117","Leech Whipholt Bay","07/19/2003",11020300,69
"118","Leech Whipholt Bay","07/20/2003",11020300,44
"119","Leech Whipholt Bay","07/21/2003",11020300,132
"120","Leech Whipholt Bay","07/18/2003",11020300,194
"121","Leech Whipholt Bay","07/22/2003",11020300,196
"122","Leech Whipholt Bay","07/28/2003",11020300,99
"123","Leech Whipholt Bay","07/25/2003",11020300,54
"124","Leech Whipholt Bay","07/24/2003",11020300,32
"125","Leech Whipholt Bay","07/23/2003",11020300,120
"126","Leech Whipholt Bay","07/15/2003",11020300,124
"127","Leech Whipholt Bay","07/16/2003",11020300,41
"128","Leech Whipholt Bay","08/01/2003",11020300,105
"129","Leech Whipholt Bay","07/29/2003",11020300,193
"130","Leech Whipholt Bay","08/08/2003",11020300,128
"131","Leech Steamboat Bay","07/16/2003",11020300,158
"132","Leech Steamboat Bay","07/17/2003",11020300,132
"133","Leech Steamboat Bay","07/15/2003",11020300,96
"134","Leech Steamboat Bay","07/24/2003",11020300,57
"135","Leech Steamboat Bay","07/23/2003",11020300,70
"136","Leech Kabekona Bay","08/12/2003",11020300,159
"137","Leech Kabekona Bay","08/20/2003",11020300,16
"138","Leech Portage Bay","08/17/2004",11020300,56
"139","Leech Portage Bay","08/05/2004",11020300,282
"140","Leech Portage Bay","08/26/2004",11020300,104
"141","Leech Portage Bay","08/12/2004",11020300,197
"142","Leech Portage Bay","07/22/2004",11020300,192
"143","Leech Portage Bay","08/22/2005",11020300,24
"144","Leech Portage Bay","08/02/2004",11020300,134
"145","Leech Portage Bay","08/25/2004",11020300,152
"146","Leech Portage Bay","07/29/2004",11020300,30
"147","Leech Portage Bay","08/04/2004",11020300,180
"148","Leech Portage Bay","07/15/2004",11020300,103
"149","Leech Portage Bay","07/21/2004",11020300,122
"150","Leech Portage Bay","07/20/2004",11020300,61
"151","Leech Portage Bay","08/03/2004",11020300,14
"152","Leech Portage Bay","07/30/2004",11020300,7
"153","Leech Portage Bay","07/27/2004",11020300,26
"154","Leech Portage Bay","07/26/2004",11020300,28
"155","Leech Walker South","06/27/2005",11020300,111
"156","Leech Walker South","07/06/2005",11020300,137
"157","Leech Walker South","07/05/2005",11020300,204
"158","Leech Walker North","07/06/2005",11020300,96
"159","Leech Walker North","07/05/2005",11020300,202
"160","Leech Walker Center","07/13/2005",11020300,85
"161","Leech Walker Center","07/27/2005",11020300,60
"162","Leech Walker Center","07/26/2005",11020300,70
"163","Leech Walker Center","07/06/2005",11020300,234
"164","Leech Walker Center","07/25/2005",11020300,73
"165","Leech Traders Bay","08/10/2005",11020300,176
"166","Leech Traders Bay","08/08/2005",11020300,178
"167","Leech Traders Bay","07/25/2005",11020300,104
"168","Leech Traders Bay","08/01/2005",11020300,319
"169","Leech Traders Bay","07/21/2005",11020300,142
"170","Leech Traders Bay","07/14/2005",11020300,145
"171","Leech Traders Bay","07/13/2005",11020300,178
"172","Leech Submarine Island","08/22/2005",11020300,149
"173","Leech Submarine Island","08/15/2005",11020300,92
"174","Leech Submarine Island","08/10/2005",11020300,270
"175","Leech Submarine Island","08/11/2005",11020300,40
"176","Leech Boy Bay","08/31/2005",11020300,133
"177","Leech Boy Bay","08/29/2005",11020300,75
"178","Leech Boy Bay","08/23/2005",11020300,124
"179","Leech Boy Bay","08/22/2005",11020300,100
"180","Leech Boy Bay","08/18/2005",11020300,70
"181","Leech Boy Bay","08/10/2005",11020300,30
"182","Leech Boy Bay","08/11/2005",11020300,73
"183","Leech Boy Bay","08/12/2005",11020300,28
"184","Leech Headquarters Bay","08/15/2005",11020300,232
"185","Leech Shingobee Bay","08/16/2005",11020300,425
"186","Upper Gull","06/04/2008",11021800,121
"187","Upper Gull","06/03/2008",11021800,63
"188","Ray","06/12/2008",11022000,113
"189","Spider","06/12/2008",11022100,45
"190","Deep Portage","06/24/2008",11023700,147
"191","Ada","07/17/2007",11025000,180
"192","Ada","07/12/2007",11025000,109
"193","Ada","07/18/2007",11025000,43
"194","Ada","07/16/2007",11025000,137
"195","Ada","07/11/2007",11025000,41
"196","Little Sand","07/12/2006",11027500,107
"197","Sand","07/12/2006",11027900,47
"198","Sand","07/11/2006",11027900,204
"199","Sand","08/28/2018",11027900,263
"200","Sand","08/29/2018",11027900,30
"201","Sylvan","06/17/2008",11030400,207
"202","Sylvan","06/16/2008",11030400,223
"203","Norway","05/27/2008",11030700,275
"204","Norway/Pine River","05/28/2008",11030700,75
"205","Norway","05/28/2008",11030700,46
"206","Portage","06/19/2008",11030800,328
"207","Portage","06/23/2008",11030800,256
"208","Portage","06/18/2008",11030800,276
"209","Portage","06/24/2008",11030800,4
"210","Pleasant","08/22/2007",11038300,332
"211","Pleasant","08/21/2007",11038300,209
"212","Pine Mountain","08/15/2007",11041100,308
"213","Pine Mountain","08/13/2007",11041100,261
"214","Pine Mountain","08/14/2007",11041100,246
"215","Pine Mountain","08/16/2007",11041100,101
"216","Birch","07/13/2006",11041200,209
"217","Birch","07/18/2006",11041200,288
"218","Birch","07/17/2006",11041200,318
"219","Birch","07/20/2006",11041200,237
"220","Ten Mile","06/22/2006",11041300,210
"221","Ten Mile","06/12/2006",11041300,203
"222","Ten Mile","06/14/2006",11041300,406
"223","Ten Mile","06/13/2006",11041300,292
"224","Ten Mile","06/19/2006",11041300,380
"225","Ten Mile","06/20/2006",11041300,138
"226","Ten Mile","07/25/2018",11041300,363
"227","Ten Mile","07/26/2018",11041300,223
"228","Ten Mile","07/23/2018",11041300,221
"229","Ten Mile","07/24/2018",11041300,241
"230","Thirteen","08/16/2004",11048800,302
"231","Steamboat","08/18/2008",11050400,144
"232","Steamboat","08/14/2008",11050400,256
"233","Steamboat","08/13/2008",11050400,100
"234","Steamboat","08/19/2008",11050400,138
"235","Steamboat","08/26/2008",11050400,35
"236","Louise","08/09/2007",11057300,94
"237","South Center","07/11/2018",13002700,32
"238","South Center","07/09/2018",13002700,443
"239","South Center","07/10/2018",13002700,8
"240","Elk","07/20/2004",15001000,169
"241","Elk","07/21/2004",15001000,65
"242","Elk","07/30/2014",15001000,351
"243","Elk","07/22/2014",15001000,19
"244","Elk","08/17/2016",15001000,122
"245","Elk","08/16/2016",15001000,162
"246","Elk","08/15/2016",15001000,156
"247","Elk","08/07/2018",15001000,174
"248","Elk","08/06/2018",15001000,162
"249","Trout","08/12/2014",16004900,212
"250","Trout","08/11/2014",16004900,46
"251","Tait","08/27/2018",16038400,153
"252","Tait","08/28/2018",16038400,45
"253","Camp","07/09/2014",18001800,191
"254","Camp","07/08/2014",18001800,293
"255","Borden","08/05/2013",18002000,66
"256","Borden","08/08/2013",18002000,66
"257","Borden","08/07/2013",18002000,66
"258","Borden","07/30/2013",18002000,116
"259","Borden","08/12/2013",18002000,82
"260","Borden","08/01/2013",18002000,106
"261","Borden","08/13/2013",18002000,25
"262","Borden","08/06/2013",18002000,111
"263","Borden","07/31/2013",18002000,13
"264","Turtle","07/19/2010",18004700,170
"265","Partridge","07/10/2000",18004800,166
"266","Partridge","07/15/2010",18004800,250
"267","Platte","06/16/2003",18008800,296
"268","Serpent","05/21/2009",18009000,147
"269","Grave","06/25/2002",18011000,66
"270","Crow Wing","05/17/2007",18015500,120
"271","Ruth","08/13/2001",18021200,60
"272","Ruth","08/15/2001",18021200,45
"273","Ruth","08/14/2001",18021200,36
"274","Ruth","08/05/2003",18021200,140
"275","Ruth","07/12/2005",18021200,134
"276","Ruth","07/01/2005",18021200,51
"277","Ruth","07/11/2005",18021200,170
"278","Ruth","07/05/2007",18021200,213
"279","Ruth","07/06/2007",18021200,115
"280","Ruth","09/02/2009",18021200,216
"281","Ruth","09/08/2009",18021200,132
"282","Ruth","09/09/2009",18021200,89
"283","Ruth","07/02/2012",18021200,238
"284","Ruth","07/09/2012",18021200,122
"285","Ruth","08/08/2017",18021200,280
"286","Ruth","08/10/2017",18021200,99
"287","Upper Mission","05/19/2005",18024200,103
"288","Upper Mission","05/17/2005",18024200,273
"289","Upper Mission","05/26/2005",18024200,125
"290","Upper Mission","06/01/2005",18024200,73
"291","Upper Mission","07/23/2012",18024200,116
"292","Upper Mission","07/24/2012",18024200,140
"293","Upper Mission","07/17/2012",18024200,120
"294","Lower Mission","05/25/2005",18024300,295
"295","Lower Mission","08/17/2011",18024300,187
"296","Lower Mission","08/16/2011",18024300,107
"297","Lower Mission","07/16/2012",18024300,155
"298","Lower Mission","07/17/2012",18024300,102
"299","Little Pine","06/02/2009",18026600,41
"300","Little Pine","06/03/2010",18026600,90
"301","Little Pine","06/02/2010",18026600,105
"302","Island-Loon","08/29/2011",18026900,91
"303","Island-Loon","08/30/2011",18026900,65
"304","Daggett","06/14/2010",18027100,154
"305","Edward","07/14/2004",18030500,143
"306","Edward","07/09/2004",18030500,122
"307","Edward","08/02/2004",18030500,135
"308","Edward","07/08/2004",18030500,84
"309","Edward","07/26/2004",18030500,278
"310","Pelican","07/08/2010",18030800,254
"311","Pelican","07/12/2010",18030800,326
"312","Pelican","06/24/2010",18030800,97
"313","Pelican","06/16/2010",18030800,181
"314","Pelican","06/10/2010",18030800,58
"315","Pelican","06/07/2010",18030800,105
"316","Whitefish","08/11/2011",18031000,77
"317","Whitefish","08/04/2011",18031000,251
"318","Whitefish","07/28/2011",18031000,252
"319","Whitefish","08/25/2011",18031000,125
"320","Whitefish","08/03/2011",18031000,288
"321","Whitefish","07/25/2011",18031000,178
"322","Whitefish","08/18/2011",18031000,72
"323","Whitefish","06/08/2011",18031000,63
"324","Whitefish","07/26/2011",18031000,129
"325","Whitefish","08/10/2011",18031000,15
"326","Whitefish","08/22/2011",18031000,96
"327","Whitefish","08/29/2011",18031000,21
"328","Rush-Hen","08/02/2010",18031100,292
"329","Rush-Hen","08/12/2010",18031100,84
"330","Rush-Hen","07/26/2010",18031100,127
"331","Rush-Hen","07/29/2010",18031100,63
"332","Cross","06/21/2010",18031200,132
"333","Cross","07/21/2010",18031200,26
"334","Cross","07/13/2010",18031200,369
"335","Cross","07/20/2010",18031200,166
"336","Cross","06/22/2010",18031200,160
"337","Cross","06/28/2010",18031200,75
"338","Cross","07/29/2010",18031200,1
"339","Cross","06/17/2010",18031200,73
"340","Big Trout","07/22/2010",18031500,184
"341","Big Trout","07/21/2010",18031500,262
"342","Ossawinnamakee","08/24/2005",18035200,201
"343","Ossawinnamakee","08/22/2005",18035200,112
"344","Ossawinnamakee","08/23/2005",18035200,196
"345","Ossawinnamakee","08/19/2009",18035200,126
"346","Ossawinnamakee","08/24/2009",18035200,333
"347","Ossawinnamakee","08/18/2009",18035200,123
"348","Ossawinamakee","07/24/2017",18035200,225
"349","Ossawinnamakee","07/25/2017",18035200,184
"350","Ossawinnamakee","07/24/2017",18035200,127
"351","Pig","07/27/2011",18035400,36
"352","Pig","08/18/2011",18035400,1
"353","Pig","07/26/2011",18035400,52
"354","Bertha","08/15/2011",18035500,156
"355","Clamshell","07/27/2011",18035600,196
"356","Arrowhead","08/10/2011",18036600,255
"357","Arrowhead","06/14/2011",18036600,28
"358","Arrowhead","08/25/2011",18036600,1
"359","Round","06/21/2006",18037300,238
"360","Clark","06/20/2002",18037400,122
"361","Upper Cullen","06/05/2007",18037600,172
"362","Upper Cullen","06/04/2007",18037600,142
"363","Middle Cullen","05/31/2007",18037700,176
"364","Lower Hay","08/11/2011",18037800,145
"365","Lower Hay","08/18/2011",18037800,63
"366","Red Sand","07/30/2001",18038600,97
"367","Red Sand","07/13/2016",18038600,328
"368","Red Sand","07/31/2018",18038600,132
"369","Red Sand","08/01/2018",18038600,61
"370","Red Sand","07/30/2018",18038600,125
"371","Edna","08/16/2017",18039600,44
"372","Edna","08/15/2017",18039600,86
"373","Fawn","08/15/2017",18039700,58
"374","Roy","06/10/2008",18039800,195
"375","Roy","06/09/2008",18039800,47
"376","Nisswa","06/09/2008",18039900,209
"377","Lower Cullen","05/24/2007",18040300,288
"378","Lower Cullen","07/30/2009",18040300,127
"379","Lower Cullen","07/28/2010",18040300,158
"380","Lower Cullen","07/29/2010",18040300,124
"381","Lower Cullen","08/08/2011",18040300,76
"382","Lower Cullen","07/26/2012",18040300,141
"383","Lower Cullen","08/02/2012",18040300,153
"384","Lower Cullen","08/01/2012",18040300,61
"385","Carlos","08/03/2015",21005700,341
"386","Carlos","07/27/2015",21005700,152
"387","Carlos","08/04/2015",21005700,451
"388","Carlos","08/05/2015",21005700,171
"389","Carlos","07/18/2018",21005700,340
"390","Carlos","07/16/2018",21005700,126
"391","Carlos","07/19/2018",21005700,101
"392","Carlos","07/17/2018",21005700,227
"393","North Union","08/11/2004",21009500,70
"394","North Union","08/10/2004",21009500,133
"395","North Union","08/09/2004",21009500,28
"396","North Union","08/14/2018",21009500,80
"397","North Union","08/13/2018",21009500,150
"398","Stony","08/11/2004",21010100,183
"399","Stony","08/15/2018",21010100,149
"400","Stony","08/16/2018",21010100,22
"401","Lottie","08/12/2004",21010500,34
"402","Lottie","08/11/2004",21010500,87
"403","Lottie","08/23/2018",21010500,74
"404","Lottie","08/27/2018",21010500,47
"405","Snelling","06/08/2005",27000100,161
"406","Snelling","06/25/2012",27000100,161
"407","Grace","07/25/2006",29007100,308
"408","Grace","07/24/2006",29007100,245
"409","Kabekona","08/04/2005",29007500,96
"410","Kabekona","07/26/2005",29007500,176
"411","Kabekona","07/28/2005",29007500,91
"412","Kabekona","07/27/2005",29007500,5
"413","Upper Twin","06/22/2005",29015700,177
"414","Portage","08/11/2004",29025000,166
"415","Portage","08/10/2004",29025000,140
"416","Portage","05/20/2005",29025000,306
"417","Portage","05/18/2006",29025000,78
"418","Portage","05/17/2006",29025000,225
"419","Portage","08/07/2014",29025000,306
"420","Portage","06/26/2017",29025000,178
"421","Portage","06/27/2017",29025000,127
"422","Long","07/09/2013",30007200,61
"423","Long","07/08/2013",30007200,165
"424","Blue","07/02/2013",30010700,82
"425","Blue","07/01/2013",30010700,44
"426","Blue","06/27/2013",30010700,62
"427","Green","06/14/2005",30013600,241
"428","Green","06/15/2005",30013600,101
"429","North Twin","07/07/2004",31019000,184
"430","South Twin","07/08/2004",31019100,136
"431","Trout","07/19/2005",31021600,459
"432","Trout","08/03/2005",31021600,155
"433","Trout","08/02/2005",31021600,304
"434","Trout","07/27/2016",31021600,267
"435","Trout","07/25/2016",31021600,272
"436","Trout","08/01/2016",31021600,175
"437","Trout","07/28/2016",31021600,323
"438","Trout","07/26/2016",31021600,266
"439","Trout","08/02/2016",31021600,11
"440","Sugar","07/26/2007",31055400,87
"441","Sugar","07/09/2007",31055400,269
"442","Bass","08/01/2012",31057600,110
"443","Bass","07/30/2012",31057600,236
"444","Bass","08/08/2012",31057600,301
"445","Bass","07/31/2012",31057600,298
"446","Bass","08/07/2012",31057600,372
"447","Bass","08/06/2012",31057600,119
"448","Turtle","07/31/2013",31072500,80
"449","Turtle","08/14/2013",31072500,78
"450","Turtle","07/30/2013",31072500,107
"451","Turtle","07/25/2013",31072500,156
"452","Turtle","07/23/2013",31072500,135
"453","Turtle","07/24/2013",31072500,198
"454","Turtle","07/09/2013",31072500,36
"455","Turtle","07/10/2013",31072500,103
"456","Turtle","07/22/2013",31072500,123
"457","Turtle","07/11/2013",31072500,86
"458","Turtle","09/04/2013",31072500,2
"459","Portage","06/26/2012",31082400,111
"460","Sand","06/28/2012",31082600,123
"461","Sand","07/18/2012",31082600,20
"462","Sand","06/27/2012",31082600,230
"463","Sand","07/10/2012",31082600,161
"464","Sand","07/11/2012",31082600,189
"465","Sand","07/12/2012",31082600,102
"466","Bird's Eye","07/11/2012",31083400,110
"467","Bird's Eye","07/12/2012",31083400,16
"468","Little Sand","07/18/2012",31085300,264
"469","Little Sand","07/19/2012",31085300,73
"470","Dixon","06/30/2004",31092100,270
"471","Dixon","06/29/2004",31092100,89
"472","Quamba","06/04/2003",33001500,91
"473","Carrie","07/06/2016",34003200,141
"474","Green","07/29/2009",34007900,228
"475","Green","07/28/2009",34007900,67
"476","Green","07/18/2016",34007900,265
"477","Green","07/19/2016",34007900,52
"478","Florida","07/29/2009",34021700,130
"479","Florida","07/28/2009",34021700,178
"480","Florida","07/20/2016",34021700,228
"481","Games","06/16/2004",34022400,79
"482","Games","06/21/2004",34022400,50
"483","Games","06/08/2006",34022400,103
"484","Norway","06/16/2004",34025100,28
"485","Norway","06/14/2004",34025100,127
"486","Norway","06/15/2004",34025100,252
"487","Norway","06/08/2006",34025100,61
"488","Norway","06/07/2006",34025100,293
"489","Dumbell","07/29/2004",38039300,90
"490","Dumbell","07/28/2004",38039300,60
"491","Lax","07/27/2004",38040600,105
"492","Lax","07/28/2004",38040600,59
"493","Roemhildts","06/16/2004",40003900,122
"494","Roemhildts","06/16/2011",40003900,39
"495","Roemhildts","06/15/2011",40003900,63
"496","Fish","06/17/2004",40005100,94
"497","Fish","06/16/2011",40005100,102
"498","German","06/22/2004",40006300,253
"499","Shaokotan","08/07/2000",41008900,39
"500","Shaokotan","08/08/2000",41008900,38
"501","Shaokotan","07/09/2015",41008900,138
"502","Shaokotan","07/08/2015",41008900,143
"503","Shaokotan","07/06/2015",41008900,22
"504","Shaokotan","06/21/2016",41008900,249
"505","Shaokotan","06/22/2016",41008900,57
"506","Shaokotan","06/15/2017",41008900,259
"507","Shaokotan","06/14/2017",41008900,47
"508","Shaokotan","06/13/2018",41008900,17
"509","Shaokotan","06/12/2018",41008900,289
"510","South Twin","07/24/2014",44001400,152
"511","South Twin","07/23/2014",44001400,153
"512","South Twin","07/29/2014",44001400,221
"513","SouthTwin","08/12/2014",44001400,87
"514","Long","05/27/2004",47002600,118
"515","Long","06/09/2010",47002600,102
"516","Long","06/01/2011",47002600,96
"517","Long","06/06/2011",47002600,10
"518","Long","06/12/2012",47002600,119
"519","Long","06/18/2014",47002600,32
"520","Long","06/17/2014",47002600,86
"521","Spring","05/27/2004",47003200,121
"522","Spring","06/09/2010",47003200,107
"523","Spring","06/06/2011",47003200,107
"524","Spring","06/12/2012",47003200,37
"525","Spring","06/18/2012",47003200,84
"526","Spring","06/18/2014",47003200,123
"527","Belle","07/06/2016",47004901,185
"528","Belle","07/12/2016",47004901,126
"529","Belle","07/07/2016",47004901,210
"530","Minniebelle","06/22/2004",47011900,97
"531","Minniebelle","06/21/2004",47011900,221
"532","Mille Lacs Cove Bay","07/16/2009",48000200,39
"533","Mille Lacs Cove Bay","07/08/2009",48000200,360
"534","Mille Lacs Cove Bay","07/23/2009",48000200,160
"535","Mille Lacs Vineland Bay","08/25/2009",48000200,230
"536","Mille Lacs Vineland Bay","07/22/2009",48000200,139
"537","Mille Lacs Vineland Bay","08/05/2009",48000200,143
"538","Mille Lacs Vineland Bay","08/26/2009",48000200,125
"539","Mille Lacs Vineland Bay","07/23/2009",48000200,79
"540","Mille Lacs Wigwam Bay","08/26/2009",48000200,54
"541","Mille Lacs Wigwam Bay","07/23/2009",48000200,56
"542","Mille Lacs Isle Bay","08/13/2009",48000200,154
"543","Mille Lacs Isle Bay","08/05/2009",48000200,110
"544","Mille Lacs Isle Bay","08/04/2009",48000200,58
"545","Mille Lacs Weathwood","08/04/2009",48000200,130
"546","Mille Lacs Wahkon Bay","08/06/2009",48000200,296
"547","Mille Lacs Wahkon Bay","08/05/2009",48000200,91
"548","Mille Lacs Malmo","08/26/2009",48000200,197
"549","Mille Lacs Malmo","08/11/2009",48000200,129
"550","Mille Lacs Twin Bay","08/11/2009",48000200,186
"551","Mille Lacs Shabushkung Bay","08/12/2009",48000200,222
"552","Mille Lacs Shabushkung Bay","08/13/2009",48000200,24
"553","Mille Lacs Cove Bay","07/01/2010",48000200,254
"554","Mille Lacs Cove Bay","07/06/2010",48000200,249
"555","Mille Lacs Cove Bay","07/07/2010",48000200,59
"556","Mille Lacs Isle Bay","07/07/2010",48000200,299
"557","Mille Lacs Vineland Bay","08/09/2010",48000200,324
"558","Mille Lacs Vineland Bay","09/01/2010",48000200,192
"559","Mille Lacs Vineland Bay","08/10/2010",48000200,204
"560","Mille Lacs Cove Bay","07/09/2014",48000200,110
"561","Mille Lacs Cove Bay","07/02/2014",48000200,267
"562","Mille Lacs Cove Bay","07/07/2014",48000200,184
"563","Mille Lacs Isle Bay","08/06/2014",48000200,257
"564","Mille Lacs Isle Bay","07/21/2014",48000200,219
"565","Mille Lacs Isle Bay","07/24/2014",48000200,167
"566","Mille Lacs Vineland Bay","08/19/2014",48000200,110
"567","Mille Lacs Vineland Bay","07/23/2014",48000200,139
"568","Mille Lacs Vineland Bay","07/28/2014",48000200,128
"569","Mille Lacs Vineland Bay","07/29/2014",48000200,178
"570","Mille Lacs Vineland Bay","08/13/2014",48000200,164
"571","Mille Lacs Vineland Bay","06/29/2017",48000200,406
"572","Mille Lacs Vineland Bay","07/06/2017",48000200,314
"573","Mille Lacs Cove Bay","07/19/2017",48000200,158
"574","Mille Lacs Cove Bay","07/18/2017",48000200,396
"575","Long","08/02/2011",49001500,206
"576","Sullivan","06/25/2003",49001600,116
"577","Sullivan","06/30/2003",49001600,91
"578","Pierz","08/01/2001",49002400,114
"579","Pierz","06/21/2005",49002400,178
"580","Pierz","05/24/2011",49002400,133
"581","Pierz","05/25/2011",49002400,6
"582","Pierz","05/26/2011",49002400,38
"583","Ferrell","08/28/2017",49005800,43
"584","Ferrell","09/06/2017",49005800,40
"585","Alexander","07/07/2004",49007900,168
"586","Alexander","06/30/2004",49007900,146
"587","Alexander","06/29/2004",49007900,84
"588","Alexander","07/01/2004",49007900,132
"589","Alexander","06/05/2007",49007900,457
"590","Shamineau","06/28/2005",49012700,224
"591","Shamineau","06/23/2005",49012700,63
"592","Shamineau","06/29/2005",49012700,292
"593","Crookneck","07/20/2005",49013300,286
"594","Cedar","07/13/2016",49014000,177
"595","Fish","08/16/2004",56076800,104
"596","Fish","08/13/2004",56076800,111
"597","Fish","08/12/2004",56076800,56
"598","Cedar","08/30/2001",66005200,70
"599","Cedar","08/29/2001",66005200,61
"600","Cedar","05/31/2002",66005200,91
"601","Cedar","05/23/2002",66005200,141
"602","White Iron","08/20/2014",69000400,94
"603","White Iron","08/28/2014",69000400,195
"604","White Iron","08/21/2014",69000400,159
"605","White Iron","08/29/2014",69000400,114
"606","White Iron","08/25/2014",69000400,2
"607","White Iron","08/27/2014",69000400,76
"608","Bear Head","08/25/2014",69025400,48
"609","Bear Head","08/26/2014",69025400,209
"610","Bear Head","08/27/2014",69025400,137
"611","Wild Rice","07/14/2004",69037100,277
"612","Wild Rice","07/13/2004",69037100,133
"613","Echo","08/20/2018",69061500,239
"614","Echo","08/21/2018",69061500,147
"615","Sand","07/24/2014",69073600,59
"616","Sand","07/23/2014",69073600,27
"617","Sand","08/08/2014",69073600,33
"618","Sand","08/07/2014",69073600,20
"619","Sand","07/23/2018",69073600,105
"620","Sand","07/16/2018",69073600,34
"621","Ban","08/04/2004",69074200,119
"622","Ban","08/03/2004",69074200,200
"623","Fourteen","06/20/2012",69079300,122
"624","Fourteen","06/21/2012",69079300,119
"625","Elephant","08/21/2018",69081000,128
"626","Elephant","08/22/2018",69081000,132
"627","Murphy","07/21/2004",70001000,126
"628","Fremont","06/14/2002",71001600,68
"629","Fremont","06/06/2002",71001600,55
"630","Fremont","06/12/2002",71001600,64
"631","Fremont","06/13/2002",71001600,7
"632","Fremont","06/02/2003",71001600,194
"633","Mitchell","08/05/2010",71008100,154
"634","Big","06/10/2004",71008200,68
"635","Big","06/08/2004",71008200,106
"636","Big","08/05/2010",71008200,164
"637","Julia","07/21/2003",71014500,56
"638","Julia","07/24/2003",71014500,50
"639","Julia","08/17/2005",71014500,103
"640","Rush","07/21/2003",71014700,112
"641","Pearl","07/15/2014",73003700,145
"642","Pearl","07/16/2014",73003700,121
"643","Pearl","07/10/2014",73003700,156
"644","Pearl","06/27/2017",73003700,154
"645","Pearl","06/28/2017",73003700,104
"646","Pearl","06/26/2017",73003700,154
"647","Grand","08/17/2010",73005500,173
"648","Kreigle","08/01/2000",73009700,88
"649","Kreigle","07/31/2000",73009700,69
"650","Kreigle","08/02/2000",73009700,69
"651","Pelican","06/30/2010",73011800,102
"652","Pelican","06/29/2010",73011800,155
"653","Ochotto","08/13/2012",73012200,136
"654","Koronis","07/11/2017",73020002,184
"655","Koronis","07/10/2017",73020002,183
"656","Koronis","07/16/2018",73020002,160
"657","Koronis","07/16/2018",73020000,94
"658","Koronis","07/17/2018",73020000,122
"659","Mound","06/16/2005",77000700,152
"660","Big Swan","06/14/2004",77002300,107
"661","Big Swan","06/03/2004",77002300,114
"662","Big Swan","06/15/2004",77002300,78
"663","Little Birch","06/28/2004",77008900,70
"664","Little Birch","06/24/2004",77008900,163
"665","Osakis","05/31/2006",77021500,317
"666","Osakis","05/24/2006",77021500,379
"667","Osakis","06/05/2006",77021500,38
"668","Osakis","06/07/2006",77021500,128
"669","Osakis","05/23/2006",77021500,235
"670","Osakis","06/01/2006",77021500,347
"671","Osakis","06/06/2006",77021500,14
"672","Osakis","05/26/2006",77021500,258
"673","Lower Twin","06/22/2005",80003000,206
"674","Blueberry","06/15/2005",80003400,150
"675","Blueberry","06/16/2005",80003400,230
"676","St. Olaf","07/15/2014",81000300,337
"677","St. James","06/19/2018",83004300,131
"678","Pulaski","08/27/2001",86005300,65
"679","Little Waverly","08/18/2009",86010600,57
"680","Little Waverly","08/17/2009",86010600,79
"681","Waverly","06/03/2004",86011400,227
"682","Waverly","08/17/2009",86011400,158
"683","Maple","07/14/2015",86013401,197
"684","Maple","07/15/2015",86013401,195
"685","Maple","07/22/2015",86013401,28
"686","Little Mary","06/27/2005",86013900,202
"687","Little Mary","06/06/2006",86013900,202
"688","Bass","06/21/2005",86023400,109
"689","Bass","06/20/2005",86023400,72
"690","Moose","07/06/2015",86027100,220
